<?xml version="1.0" encoding="UTF-8"?>
<!-- this file is autogenerated, do not edit! -->
<!DOCTYPE section PUBLIC "-//OASIS//DTD DocBook XML V4.2//EN"
	"http://www.oasis-open.org/docbook/xml/4.2/docbookx.dtd">
<chapter id="counters.ims_qos">
	<title> Counters for ims_qos</title>


<section id="ims_qos.active_registration_rx_sessions">
    <title>ims_qos.active_registration_rx_sessions</title>
    <para>
        number of currently active registration Rx sessions.
    </para>
    <para>
    </para>
</section>

<section id="ims_qos.registration_aar_avg_response_time">
    <title>ims_qos.registration_aar_avg_response_time</title>
    <para>
        avg response time for registration AARs.
    </para>
    <para>
    </para>
</section>

<section id="ims_qos.registration_aar_timeouts">
    <title>ims_qos.registration_aar_timeouts</title>
    <para>
        total number of registration AAR timeouts.
    </para>
    <para>
    </para>
</section>

<section id="ims_qos.failed_registration_aars">
    <title>ims_qos.failed_registration_aars</title>
    <para>
        total number of failed registration AARs.
    </para>
    <para>
    </para>
</section>

<section id="ims_qos.registration_aars">
    <title>ims_qos.registration_aars</title>
    <para>
        total number of registration AARs.
    </para>
    <para>
    </para>
</section>

<section id="ims_qos.asrs">
    <title>ims_qos.asrs</title>
    <para>
        total number of registration ASRs.
    </para>
    <para>
    </para>
</section>

<section id="ims_qos.successful_registration_aars">
    <title>ims_qos.successful_registration_aars</title>
    <para>
        total number of successful registration AARs.
    </para>
    <para>
    </para>
</section>

<section id="ims_qos.registration_aar_response_time">
    <title>ims_qos.registration_aar_response_time</title>
    <para>
        total number of seconds waiting for registration AAR responses.
    </para>
    <para>
    </para>
</section>

<section id="ims_qos.registration_aar_replies_received">
    <title>ims_qos.registration_aar_replies_received</title>
    <para>
        total number of registration AAR replies received.
    </para>
    <para>
    </para>
</section>

<section id="ims_qos.active_media_rx_sessions">
    <title>ims_qos.active_media_rx_sessions</title>
    <para>
        number of currently active media Rx sessions.
    </para>
    <para>
    </para>
</section>

<section id="ims_qos.media_rx_sessions">
    <title>ims_qos.media_rx_sessions</title>
    <para>
        Total number of media Rx sessions.
    </para>
    <para>
    </para>
</section>

<section id="ims_qos.media_aar_avg_response_time">
    <title>ims_qos.media_aar_avg_response_time</title>
    <para>
        avg response time for media AARs.
    </para>
    <para>
    </para>
</section>

<section id="ims_qos.media_aar_timeouts">
    <title>ims_qos.media_aar_timeouts</title>
    <para>
        total number of media AAR timeouts.
    </para>
    <para>
    </para>
</section>

<section id="ims_qos.failed_media_aars">
    <title>ims_qos.failed_media_aars</title>
    <para>
        total number of failed media AARs.
    </para>
    <para>
    </para>
</section>

<section id="ims_qos.media_aars">
    <title>ims_qos.media_aars</title>
    <para>
        total number of media AARs.
    </para>
    <para>
    </para>
</section>

<section id="ims_qos.successful_media_aars">
    <title>ims_qos.successful_media_aars</title>
    <para>
        total number of successful media AARs.
    </para>
    <para>
    </para>
</section>

<section id="ims_qos.media_aar_response_time">
    <title>ims_qos.media_aar_response_time</title>
    <para>
        total number of seconds waiting for media AAR responses.
    </para>
    <para>
    </para>
</section>

<section id="ims_qos.media_aar_replies_received">
    <title>ims_qos.media_aar_replies_received</title>
    <para>
        total number of media AAR replies received.
    </para>
    <para>
    </para>
</section>

</chapter>
