<?xml version="1.0" encoding="UTF-8"?>
<!-- this file is autogenerated, do not edit! -->
<!DOCTYPE section PUBLIC "-//OASIS//DTD DocBook XML V4.2//EN"
	"http://www.oasis-open.org/docbook/xml/4.2/docbookx.dtd">
<chapter id="config_vars.maxfwd">
	<title> Configuration Variables for maxfwd</title>


<section id="maxfwd.max_limit">
    <title>maxfwd.max_limit</title>
    <para>
        Max. maxfwd limit.
    </para>
    <para>Default value: 70.</para>
    <para>Range: 0 - 255.</para>
    <para>Type: integer.</para>
    <para>
    </para>
</section>

</chapter>
