<?xml version="1.0" encoding="UTF-8"?>
<!-- this file is autogenerated, do not edit! -->
<!DOCTYPE section PUBLIC "-//OASIS//DTD DocBook XML V4.2//EN"
	"http://www.oasis-open.org/docbook/xml/4.2/docbookx.dtd">
<chapter id="config_vars.rtpengine">
	<title> Configuration Variables for rtpengine</title>


<section id="rtpengine.rtpengine_disable_tout">
    <title>rtpengine.rtpengine_disable_tout</title>
    <para>
        The time after which rtpengine will try to communicate to an
        RTP proxy after it has been marked disabled automatically. .
    </para>
    <para>Default value: 60.</para>
    <para>Type: integer.</para>
    <para>
    </para>
</section>

<section id="rtpengine.rtpengine_tout_ms">
    <title>rtpengine.rtpengine_tout_ms</title>
    <para>
        The total number of nodes inside a set to be queried before
        giving up establishing a session.
    </para>
    <para>Default value: 1000.</para>
    <para>Type: integer.</para>
    <para>
    </para>
</section>

<section id="rtpengine.queried_nodes_limit">
    <title>rtpengine.queried_nodes_limit</title>
    <para>
        Timeout value expressed in milliseconds in waiting for reply
        from RTP proxy.
    </para>
    <para>Default value: 30.</para>
    <para>Range: 0 - 30.</para>
    <para>Type: integer.</para>
    <para>
    </para>
</section>

<section id="rtpengine.rtpengine_retr">
    <title>rtpengine.rtpengine_retr</title>
    <para>
        How many times the module should retry to send and receive
        after timeout was generated.
    </para>
    <para>Default value: 5.</para>
    <para>Type: integer.</para>
    <para>
    </para>
</section>

</chapter>
