<?xml version="1.0" encoding="UTF-8"?>
<!-- this file is autogenerated, do not edit! -->
<!DOCTYPE section PUBLIC "-//OASIS//DTD DocBook XML V4.2//EN"
	"http://www.oasis-open.org/docbook/xml/4.2/docbookx.dtd">
<chapter id="config_vars.websocket">
	<title> Configuration Variables for websocket</title>


<section id="websocket.keepalive_timeout">
    <title>websocket.keepalive_timeout</title>
    <para>
        Time (in seconds) after which to send a keep-alive on idle
        WebSocket connections..
    </para>
    <para>Default value: 180.</para>
    <para>Type: integer.</para>
    <para>
    </para>
</section>

<section id="websocket.enabled">
    <title>websocket.enabled</title>
    <para>
        Shows whether WebSockets are enabled or not..
    </para>
    <para>Default value: 1.</para>
    <para>Type: integer.</para>
    <para>
    </para>
</section>

</chapter>
