<?xml version="1.0" encoding="UTF-8"?>
<!-- this file is autogenerated, do not edit! -->
<!DOCTYPE section PUBLIC "-//OASIS//DTD DocBook XML V4.2//EN"
	"http://www.oasis-open.org/docbook/xml/4.2/docbookx.dtd">
<chapter id="rpc_exports.pdb">
	<title>
RPC Exports for pdb
	</title>


<section id="pdb.status"><title>pdb.status</title>
<para>
        Documentation missing (pdb_rpc_status_doc).
</para>
<para>
</para>
</section>

<section id="pdb.activate"><title>pdb.activate</title>
<para>
        Documentation missing (pdb_rpc_activate_doc).
</para>
<para>
</para>
</section>

<section id="pdb.deactivate"><title>pdb.deactivate</title>
<para>
        Documentation missing (pdb_rpc_deactivate_doc).
</para>
<para>
</para>
</section>

</chapter>
