<?xml version="1.0" encoding="UTF-8"?>
<!-- this file is autogenerated, do not edit! -->
<!DOCTYPE section PUBLIC "-//OASIS//DTD DocBook XML V4.2//EN"
	"http://www.oasis-open.org/docbook/xml/4.2/docbookx.dtd">
<chapter id="rpc_exports.cfgutils">
	<title>
RPC Exports for cfgutils
	</title>


<section id="cfgutils.is_gflag"><title>cfgutils.is_gflag</title>
<para>
        Documentation missing (cfgutils_rpc_is_gflag_doc).
</para>
<para>
</para>
</section>

<section id="cfgutils.set_gflag"><title>cfgutils.set_gflag</title>
<para>
        Documentation missing (cfgutils_rpc_set_gflag_doc).
</para>
<para>
</para>
</section>

<section id="cfgutils.get_gflags"><title>cfgutils.get_gflags</title>
<para>
        Documentation missing (cfgutils_rpc_get_gflags_doc).
</para>
<para>
</para>
</section>

<section id="cfgutils.reset_gflag"><title>cfgutils.reset_gflag</title>
<para>
        Documentation missing (cfgutils_rpc_reset_gflag_doc).
</para>
<para>
</para>
</section>

<section id="cfgutils.rand_set_prob"><title>cfgutils.rand_set_prob</title>
<para>
        Documentation missing (cfgutils_rpc_set_prob_doc).
</para>
<para>
</para>
</section>

<section id="cfgutils.rand_reset_prob"><title>cfgutils.rand_reset_prob</title>
<para>
        Documentation missing (cfgutils_rpc_reset_prob_doc).
</para>
<para>
</para>
</section>

<section id="cfgutils.rand_get_prob"><title>cfgutils.rand_get_prob</title>
<para>
        Documentation missing (cfgutils_rpc_get_prob_doc).
</para>
<para>
</para>
</section>

<section id="cfgutils.get_config_hash"><title>cfgutils.get_config_hash</title>
<para>
        Documentation missing (cfgutils_rpc_get_hash_doc).
</para>
<para>
</para>
</section>

<section id="cfgutils.check_config_hash"><title>cfgutils.check_config_hash</title>
<para>
        Documentation missing (cfgutils_rpc_check_hash_doc).
</para>
<para>
</para>
</section>

</chapter>
