<?xml version="1.0" encoding="UTF-8"?>
<!-- this file is autogenerated, do not edit! -->
<!DOCTYPE section PUBLIC "-//OASIS//DTD DocBook XML V4.2//EN"
	"http://www.oasis-open.org/docbook/xml/4.2/docbookx.dtd">
<chapter id="rpc_exports.cnxcc">
	<title>
RPC Exports for cnxcc
	</title>


<section id="cnxcc.active_clients"><title>cnxcc.active_clients</title>
<para>
        List of clients with active calls
</para>
<para>
</para>
</section>

<section id="cnxcc.check_client"><title>cnxcc.check_client</title>
<para>
        Check specific client calls
</para>
<para>
</para>
</section>

<section id="cnxcc.kill_call"><title>cnxcc.kill_call</title>
<para>
        Kill call using its call ID
</para>
<para>
</para>
</section>

<section id="cnxcc.stats"><title>cnxcc.stats</title>
<para>
        List credit control stats
</para>
<para>
</para>
</section>

</chapter>
