<?xml version="1.0" encoding="UTF-8"?>
<!-- this file is autogenerated, do not edit! -->
<!DOCTYPE section PUBLIC "-//OASIS//DTD DocBook XML V4.2//EN"
	"http://www.oasis-open.org/docbook/xml/4.2/docbookx.dtd">
<chapter id="rpc_exports.pv">
	<title>
RPC Exports for pv
	</title>


<section id="pv.shvSet"><title>pv.shvSet</title>
<para>
        Documentation missing (rpc_shv_set_doc).
</para>
<para>
</para>
</section>

<section id="pv.shvGet"><title>pv.shvGet</title>
<para>
        Documentation missing (rpc_shv_get_doc).
</para>
<para>
</para>
</section>

</chapter>
