<?xml version="1.0" encoding="UTF-8"?>
<!-- this file is autogenerated, do not edit! -->
<!DOCTYPE section PUBLIC "-//OASIS//DTD DocBook XML V4.2//EN"
	"http://www.oasis-open.org/docbook/xml/4.2/docbookx.dtd">
<chapter id="rpc_exports.presence">
	<title>
RPC Exports for presence
	</title>


<section id="presence.cleanup"><title>presence.cleanup</title>
<para>
        Manually triggers the cleanup functions for the
        active_watchers, presentity, and watchers tables.
</para>
<para>
</para>
</section>

<section id="presence.refreshWatchers"><title>presence.refreshWatchers</title>
<para>
        Trigger refresh of watchers
</para>
<para>
</para>
</section>

</chapter>
