<?xml version="1.0" encoding="UTF-8"?>
<!-- this file is autogenerated, do not edit! -->
<!DOCTYPE section PUBLIC "-//OASIS//DTD DocBook XML V4.2//EN"
	"http://www.oasis-open.org/docbook/xml/4.2/docbookx.dtd">
<chapter id="rpc_exports.benchmark">
	<title>
RPC Exports for benchmark
	</title>


<section id="benchmark.enable_global"><title>benchmark.enable_global</title>
<para>
        Enable/disable benchmarking
</para>
<para>
</para>
</section>

<section id="benchmark.enable_timer"><title>benchmark.enable_timer</title>
<para>
        Enable/disable a benchmark timer
</para>
<para>
</para>
</section>

<section id="benchmark.granularity"><title>benchmark.granularity</title>
<para>
        Set benchmarking granularity
</para>
<para>
</para>
</section>

<section id="benchmark.loglevel"><title>benchmark.loglevel</title>
<para>
        Set benchmarking log level
</para>
<para>
</para>
</section>

</chapter>
