<?xml version="1.0" encoding="UTF-8"?>
<!-- this file is autogenerated, do not edit! -->
<!DOCTYPE section PUBLIC "-//OASIS//DTD DocBook XML V4.2//EN"
	"http://www.oasis-open.org/docbook/xml/4.2/docbookx.dtd">
<chapter id="rpc_exports.cplc">
	<title>
RPC Exports for cplc
	</title>


<section id="cpl.load"><title>cpl.load</title>
<para>
        Documentation missing (cpl_rpc_load_doc).
</para>
<para>
</para>
</section>

<section id="cpl.remove"><title>cpl.remove</title>
<para>
        Documentation missing (cpl_rpc_remove_doc).
</para>
<para>
</para>
</section>

<section id="cpl.get"><title>cpl.get</title>
<para>
        Documentation missing (cpl_rpc_get_doc).
</para>
<para>
</para>
</section>

</chapter>
